persona_id,subreddit,url
P01,ChatGPT,https://aiqbrain.com/vault?utm_source=reddit&utm_campaign=P01&utm_content=ChatGPT
P01,ClaudeAI,https://aiqbrain.com/vault?utm_source=reddit&utm_campaign=P01&utm_content=ClaudeAI
P01,Futurology,https://aiqbrain.com/vault?utm_source=reddit&utm_campaign=P01&utm_content=Futurology
P02,ChatGPT,https://aiqbrain.com/vault?utm_source=reddit&utm_campaign=P02&utm_content=ChatGPT
P02,ClaudeAI,https://aiqbrain.com/vault?utm_source=reddit&utm_campaign=P02&utm_content=ClaudeAI
P02,Futurology,https://aiqbrain.com/vault?utm_source=reddit&utm_campaign=P02&utm_content=Futurology
P03,ChatGPT,https://aiqbrain.com/vault?utm_source=reddit&utm_campaign=P03&utm_content=ChatGPT
P03,ClaudeAI,https://aiqbrain.com/vault?utm_source=reddit&utm_campaign=P03&utm_content=ClaudeAI
P03,Futurology,https://aiqbrain.com/vault?utm_source=reddit&utm_campaign=P03&utm_content=Futurology
P04,ChatGPT,https://aiqbrain.com/vault?utm_source=reddit&utm_campaign=P04&utm_content=ChatGPT
P04,ClaudeAI,https://aiqbrain.com/vault?utm_source=reddit&utm_campaign=P04&utm_content=ClaudeAI
P04,Futurology,https://aiqbrain.com/vault?utm_source=reddit&utm_campaign=P04&utm_content=Futurology
P05,ChatGPT,https://aiqbrain.com/vault?utm_source=reddit&utm_campaign=P05&utm_content=ChatGPT
P05,ClaudeAI,https://aiqbrain.com/vault?utm_source=reddit&utm_campaign=P05&utm_content=ClaudeAI
P05,Futurology,https://aiqbrain.com/vault?utm_source=reddit&utm_campaign=P05&utm_content=Futurology
P06,ChatGPT,https://aiqbrain.com/vault?utm_source=reddit&utm_campaign=P06&utm_content=ChatGPT
P06,ClaudeAI,https://aiqbrain.com/vault?utm_source=reddit&utm_campaign=P06&utm_content=ClaudeAI
P06,Futurology,https://aiqbrain.com/vault?utm_source=reddit&utm_campaign=P06&utm_content=Futurology
P07,ChatGPT,https://aiqbrain.com/vault?utm_source=reddit&utm_campaign=P07&utm_content=ChatGPT
P07,ClaudeAI,https://aiqbrain.com/vault?utm_source=reddit&utm_campaign=P07&utm_content=ClaudeAI
P07,Futurology,https://aiqbrain.com/vault?utm_source=reddit&utm_campaign=P07&utm_content=Futurology
P08,ChatGPT,https://aiqbrain.com/vault?utm_source=reddit&utm_campaign=P08&utm_content=ChatGPT
P08,ClaudeAI,https://aiqbrain.com/vault?utm_source=reddit&utm_campaign=P08&utm_content=ClaudeAI
P08,Futurology,https://aiqbrain.com/vault?utm_source=reddit&utm_campaign=P08&utm_content=Futurology
P09,ChatGPT,https://aiqbrain.com/vault?utm_source=reddit&utm_campaign=P09&utm_content=ChatGPT
P09,ClaudeAI,https://aiqbrain.com/vault?utm_source=reddit&utm_campaign=P09&utm_content=ClaudeAI
P09,Futurology,https://aiqbrain.com/vault?utm_source=reddit&utm_campaign=P09&utm_content=Futurology
P10,ChatGPT,https://aiqbrain.com/vault?utm_source=reddit&utm_campaign=P10&utm_content=ChatGPT
P10,ClaudeAI,https://aiqbrain.com/vault?utm_source=reddit&utm_campaign=P10&utm_content=ClaudeAI
P10,Futurology,https://aiqbrain.com/vault?utm_source=reddit&utm_campaign=P10&utm_content=Futurology
